INFO:  Found the required file in cache!  Carla/Maps/Nav/Town10HD_Opt.bin 
INFO:  Found the required file in cache!  Carla/Maps/Nav/Town01.bin 
INFO:  Found the required file in cache!  Carla/Maps/Nav/Town01.bin 
INFO:  Found the required file in cache!  Carla/Maps/TM/Town01.bin 
INFO:  INFO:  streaming client: connection failed: INFO:  streaming client: connection failed: No connection could be made because the target machine actively refused it 
INFO:  streaming client: connection failed: INFO:  streaming client: connection failed: No connection could be made because the target machine actively refused it 
streaming client: connection failed: No connection could be made because the target machine actively refused it 
INFO:  streaming client: connection failed: INFO:  streaming client: connection failed: No connection could be made because the target machine actively refused it 
INFO: No connection could be made because the target machine actively refused it 
No connection could be made because the target machine actively refused it 
No connection could be made because the target machine actively refused it 
 INFO:  streaming client: connection failed: No connection could be made because the target machine actively refused it 
INFO:  streaming client: connection failed: No connection could be made because the target machine actively refused it 
streaming client: connection failed: No connection could be made because the target machine actively refused it 
INFO:  streaming client: connection failed: No connection could be made because the target machine actively refused it 
INFO:  streaming client: connection failed: No connection could be made because the target machine actively refused it 
INFO:  streaming client: connection failed: No connection could be made because the target machine actively refused it 
INFO:  streaming client: connection failed: No connection could be made because the target machine actively refused it 
INFO:  streaming client: connection failed: No connection could be made because the target machine actively refused itINFO:  streaming client: connection failed: No connection could be made because the target machine actively refused it INFO:  INFO:  
streaming client: connection failed: No connection could be made because the target machine actively refused it 
streaming client: connection failed: No connection could be made because the target machine actively refused it 
 
INFO:  streaming client: connection failed: INFO:  INFO:  streaming client: connection failed: No connection could be made because the target machine actively refused it 
No connection could be made because the target machine actively refused it 
streaming client: connection failed: No connection could be made because the target machine actively refused it 
INFO:  streaming client: connection failed: No connection could be made because the target machine actively refused it 
INFO:  streaming client: connection failed: No connection could be made because the target machine actively refused it 
INFO:  streaming client: connection failed: No connection could be made because the target machine actively refused it 
INFO:  streaming client: connection failed:INFO:  streaming client: connection failed: No connection could be made because the target machine actively refused itINFO:  streaming client: connection failed:  No connection could be made because the target machine actively refused it 
INFO:  streaming client: connection failed:INFO:  streaming client: connection failed: No connection could be made because the target machine actively refused it 
INFO: INFO:   streaming client: connection failed: No connection could be made because the target machine actively refused it 
 
No connection could be made because the target machine actively refused it 
INFO:  streaming client: connection failed: No connection could be made because the target machine actively refused it 
INFO:  streaming client: connection failed: No connection could be made because the target machine actively refused it 
INFO:  streaming client: connection failed: No connection could be made because the target machine actively refused it 
 No connection could be made because the target machine actively refused it 
INFO:  streaming client: connection failed: No connection could be made because the target machine actively refused it 
INFO: INFO:  streaming client: connection failed: No connection could be made because the target machine actively refused it 
 streaming client: connection failed: No connection could be made because the target machine actively refused it 
INFO:  streaming client: connection failed: No connection could be made because the target machine actively refused it 
INFO: INFO:  INFO:  streaming client: connection failed: No connection could be made because the target machine actively refused it 
streaming client: connection failed: No connection could be made because the target machine actively refused it 
INFO:  streaming client: connection failed: No connection could be made because the target machine actively refused it 
INFO:  streaming client: connection failed: No connection could be made because the target machine actively refused it 
INFO:  streaming client: connection failed: No connection could be made because the target machine actively refused it 
INFO:  streaming client: connection failed: No connection could be made because the target machine actively refused it 
 streaming client: connection failed: No connection could be made because the target machine actively refused it 
INFO:  streaming client: connection failed: No connection could be made because the target machine actively refused it 
INFO:  streaming client: connection failed: No connection could be made because the target machine actively refused it 
INFO: INFO:  INFO: streaming client: connection failed: No connection could be made because the target machine actively refused it 
 streaming client: connection failed: No connection could be made because the target machine actively refused it 
INFO:  streaming client: connection failed: No connection could be made because the target machine actively refused it 
INFO:  streaming client: connection failed: No connection could be made because the target machine actively refused it 
INFO:  streaming client: connection failed: No connection could be made because the target machine actively refused it 
INFO:  streaming client: connection failed: No connection could be made because the target machine actively refused it 
INFO:  streaming client: connection failed: No connection could be made because the target machine actively refused it 
INFO:  streaming client: connection failed: No connection could be made because the target machine actively refused it 
INFO:  streaming client: connection failed: No connection could be made because the target machine actively refused it 
INFO:  streaming client: connection failed: No connection could be made because the target machine actively refused it 
INFO:  streaming client: connection failed: No connection could be made because the target machine actively refused it 
INFO:  streaming client: connection failed: No connection could be made because the target machine actively refused it 
INFO:  streaming client: connection failed: No connection could be made because the target machine actively refused it 
INFO:  streaming client: connection failed: No connection could be made because the target machine actively refused it 
 INFO:  streaming client: connection failed: No connection could be made because the target machine actively refused it 
INFO:  streaming client: connection failed: No connection could be made because the target machine actively refused it 
INFO:  streaming client: connection failed: No connection could be made because the target machine actively refused it 
streaming client: connection failed: INFO:  No connection could be made because the target machine actively refused it 
streaming client: connection failed: No connection could be made because the target machine actively refused it 
INFO:  streaming client: connection failed: No connection could be made because the target machine actively refused it 
INFO: INFO:  streaming client: connection failed: No connection could be made because the target machine actively refused it 
 streaming client: connection failed: No connection could be made because the target machine actively refused itINFO:  streaming client: connection failed: No connection could be made because the target machine actively refused it 
 
INFO: INFO:  streaming client: connection failed: No connection could be made because the target machine actively refused it 
 INFO:  streaming client: connection failed: No connection could be made because the target machine actively refused it 
streaming client: connection failed: No connection could be made because the target machine actively refused it 
INFO:  streaming client: connection failed: No connection could be made because the target machine actively refused it 
INFO: INFO:  streaming client: connection failed: No connection could be made because the target machine actively refused it 
INFO:  streaming client: connection failed: No connection could be made because the target machine actively refused it 
INFO:  streaming client: connection failed: No connection could be made because the target machine actively refused it 
INFO:  streaming client: connection failed: No connection could be made because the target machine actively refused it 
 streaming client: connection failed: No connection could be made because the target machine actively refused it 
INFO:  streaming client: connection failed: No connection could be made because the target machine actively refused it 
INFO: INFO:  streaming client: connection failed:INFO:   No connection could be made because the target machine actively refused it 
streaming client: connection failed: No connection could be made because the target machine actively refused it 
INFO:  streaming client: connection failed: No connection could be made because the target machine actively refused it 
INFO:  streaming client: connection failed:INFO: INFO:  streaming client: connection failed:INFO:  No connection could be made because the target machine actively refused it  streaming client: connection failed: No connection could be made because the target machine actively refused it 
 streaming client: connection failed: No connection could be made because the target machine actively refused it 
 streaming client: connection failed: No connection could be made because the target machine actively refused it 
 No connection could be made because the target machine actively refused it 

INFO:  streaming client: connection failed: INFO:  streaming client: connection failed: No connection could be made because the target machine actively refused it 
INFO: INFO:  streaming client: connection failed: No connection could be made because the target machine actively refused it 
INFO:  No connection could be made because the target machine actively refused it 
streaming client: connection failed: No connection could be made because the target machine actively refused it 
 streaming client: connection failed: No connection could be made because the target machine actively refused it 
INFO:  streaming client: connection failed: No connection could be made because the target machine actively refused it 
INFO:  streaming client: connection failed: No connection could be made because the target machine actively refused it 
INFO:  streaming client: connection failed: No connection could be made because the target machine actively refused it 
INFO:  streaming client: connection failed: No connection could be made because the target machine actively refused itINFO:  
 streaming client: connection failed: No connection could be made because the target machine actively refused it 
INFO:  streaming client: connection failed: INFO: No connection could be made because the target machine actively refused it 
 streaming client: connection failed: No connection could be made because the target machine actively refused it streaming client: connection failed:
 No connection could be made because the target machine actively refused it 
INFO:  streaming client: connection failed: No connection could be made because the target machine actively refused it 
INFO:  streaming client: connection failed: No connection could be made because the target machine actively refused it 
INFO:  streaming client: connection failed: No connection could be made because the target machine actively refused it 
INFO:  streaming client: connection failed: No connection could be made because the target machine actively refused it 
INFO:  streaming client: connection failed: No connection could be made because the target machine actively refused it 
INFO:  INFO: streaming client: connection failed:  No connection could be made because the target machine actively refused it 
streaming client: connection failed: No connection could be made because the target machine actively refused it 
INFO:  streaming client: connection failed: No connection could be made because the target machine actively refused itINFO:  streaming client: connection failed: No connection could be made because the target machine actively refused it  
INFO:  streaming client: connection failed: No connection could be made because the target machine actively refused it 
INFO:  streaming client: connection failed: No connection could be made because the target machine actively refused it 
INFO: INFO:  streaming client: connection failed: No connection could be made because the target machine actively refused it 

 streaming client: connection failed: No connection could be made because the target machine actively refused it 
INFO:  streaming client: connection failed: No connection could be made because the target machine actively refused it 
INFO:  streaming client: connection failed: No connection could be made because the target machine actively refused it 
INFO:  streaming client: connection failed: INFO:  streaming client: connection failed: No connection could be made because the target machine actively refused it 
No connection could be made because the target machine actively refused it 
INFO:  streaming client: connection failed: No connection could be made because the target machine actively refused it 
INFO:  streaming client: connection failed: No connection could be made because the target machine actively refused it 
INFO:  streaming client: connection failed: No connection could be made because the target machine actively refused it INFO:  
streaming client: connection failed: No connection could be made because the target machine actively refused it 
INFO:  INFO: INFO:  streaming client: connection failed: INFO:  streaming client: connection failed: No connection could be made because the target machine actively refused itINFO:  
INFO: INFO:  streaming client: connection failed: INFO:  No connection could be made because the target machine actively refused it 
 streaming client: connection failed: No connection could be made because the target machine actively refused it 
INFO:  streaming client: connection failed: No connection could be made because the target machine actively refused it 
INFO:  streaming client: connection failed: No connection could be made because the target machine actively refused it 
INFO:  streaming client: connection failed: No connection could be made because the target machine actively refused it 
INFO:  streaming client: connection failed: No connection could be made because the target machine actively refused it 
INFO: INFO:  streaming client: connection failed: No connection could be made because the target machine actively refused it 
INFO:  streaming client: connection failed: No connection could be made because the target machine actively refused it 
INFO:  streaming client: connection failed:INFO:  streaming client: connection failed: No connection could be made because the target machine actively refused it 
INFO: INFO:  INFO:  No connection could be made because the target machine actively refused it INFO:  streaming client: connection failed: No connection could be made because the target machine actively refused it 
No connection could be made because the target machine actively refused it 
streaming client: connection failed: No connection could be made because the target machine actively refused it 
INFO:  streaming client: connection failed: No connection could be made because the target machine actively refused it 
INFO:  streaming client: connection failed: No connection could be made because the target machine actively refused it 
 INFO:  streaming client: connection failed: No connection could be made because the target machine actively refused itstreaming client: connection failed: INFO:  streaming client: connection failed: No connection could be made because the target machine actively refused it 
streaming client: connection failed: INFO:  streaming client: connection failed: No connection could be made because the target machine actively refused it 
No connection could be made because the target machine actively refused it No connection could be made because the target machine actively refused it 
INFO: INFO:  streaming client: connection failed: No connection could be made because the target machine actively refused it 
INFO: INFO:  
streaming client: connection failed:INFO:  No connection could be made because the target machine actively refused it 
INFO:  INFO:  streaming client: connection failed: streaming client: connection failed: INFO:   INFO:  streaming client: connection failed:No connection could be made because the target machine actively refused it streaming client: connection failed: No connection could be made because the target machine actively refused itstreaming client: connection failed: No connection could be made because the target machine actively refused it 
 
 streaming client: connection failed:INFO:  
 No connection could be made because the target machine actively refused it streaming client: connection failed:  streaming client: connection failed: 
streaming client: connection failed:streaming client: connection failed: streaming client: connection failed: No connection could be made because the target machine actively refused it 
 No connection could be made because the target machine actively refused it 
No connection could be made because the target machine actively refused itINFO:  streaming client: connection failed: No connection could be made because the target machine actively refused it No connection could be made because the target machine actively refused it 
INFO:  streaming client: connection failed: No connection could be made because the target machine actively refused it 
INFO:  
 
INFO:  streaming client: connection failed: No connection could be made because the target machine actively refused it 
streaming client: connection failed: No connection could be made because the target machine actively refused it 
 No connection could be made because the target machine actively refused it 

INFO:  streaming client: connection failed: No connection could be made because the target machine actively refused it 
INFO:  streaming client: connection failed: No connection could be made because the target machine actively refused it 
INFO:  streaming client: connection failed: No connection could be made because the target machine actively refused it 
INFO:  streaming client: connection failed: No connection could be made because the target machine actively refused it 
INFO:  streaming client: connection failed:INFO:  streaming client: connection failed: No connection could be made because the target machine actively refused it 
INFO:  streaming client: connection failed: INFO:  INFO:  streaming client: connection failed: No connection could be made because the target machine actively refused it 
INFO:  No connection could be made because the target machine actively refused itINFO:  streaming client: connection failed: No connection could be made because the target machine actively refused it 
INFO:  streaming client: connection failed: No connection could be made because the target machine actively refused it 
 
INFO:  streaming client: connection failed:  No connection could be made because the target machine actively refused it 
streaming client: connection failed: No connection could be made because the target machine actively refused it 
INFO:  streaming client: connection failed: No connection could be made because the target machine actively refused it 
 INFO:  streaming client: connection failed: No connection could be made because the target machine actively refused it 

INFO:  streaming client: connection failed: No connection could be made because the target machine actively refused it 
streaming client: connection failed:INFO:  streaming client: connection failed: No connection could be made because the target machine actively refused it 
INFO:  streaming client: connection failed: No connection could be made because the target machine actively refused it 
INFO:  streaming client: connection failed: No connection could be made because the target machine actively refused it 
INFO:  streaming client: connection failed: No connection could be made because the target machine actively refused it 
INFO:  streaming client: connection failed: No connection could be made because the target machine actively refused it 
 INFO: No connection could be made because the target machine actively refused it 
INFO:    streaming client: connection failed: No connection could be made because the target machine actively refused it 
streaming client: connection failed: No connection could be made because the target machine actively refused it 
INFO:  streaming client: connection failed: No connection could be made because the target machine actively refused it 
INFO:  streaming client: connection failed: No connection could be made because the target machine actively refused it 
INFO:  streaming client: connection failed: No connection could be made because the target machine actively refused it 
INFO:  streaming client: connection failed: No connection could be made because the target machine actively refused itNo connection could be made because the target machine actively refused it 
No connection could be made because the target machine actively refused itINFO:  streaming client: connection failed: No connection could be made because the target machine actively refused it 
 
INFO:  streaming client: connection failed: No connection could be made because the target machine actively refused it 
INFO:  streaming client: connection failed: No connection could be made because the target machine actively refused it 
INFO:  streaming client: connection failed: No connection could be made because the target machine actively refused it 
INFO:  streaming client: connection failed: No connection could be made because the target machine actively refused it 
INFO:  streaming client: connection failed: No connection could be made because the target machine actively refused it 
 
INFO: INFO:  INFO:  streaming client: connection failed: No connection could be made because the target machine actively refused it 
streaming client: connection failed: No connection could be made because the target machine actively refused it 
INFO:  streaming client: connection failed: INFO:  streaming client: connection failed: No connection could be made because the target machine actively refused it 
INFO:  streaming client: connection failed: No connection could be made because the target machine actively refused it 
INFO:  streaming client: connection failed: No connection could be made because the target machine actively refused it 
No connection could be made because the target machine actively refused it 
 streaming client: connection failed: No connection could be made because the target machine actively refused it 
INFO:  streaming client: connection failed: No connection could be made because the target machine actively refused it 
INFO: INFO:  streaming client: connection failed: No connection could be made because the target machine actively refused it 
INFO:  streaming client: connection failed: No connection could be made because the target machine actively refused it 
 streaming client: connection failed: No connection could be made because the target machine actively refused it 
INFO:  streaming client: connection failed: No connection could be made because the target machine actively refused it 
INFO:  streaming client: connection failed: No connection could be made because the target machine actively refused it 
 streaming client: connection failed: No connection could be made because the target machine actively refused it 
 streaming client: connection failed: No connection could be made because the target machine actively refused it 
INFO: INFO:  streaming client: connection failed: No connection could be made because the target machine actively refused it 
 streaming client: connection failed: No connection could be made because the target machine actively refused it 
 No connection could be made because the target machine actively refused it 
INFO:  streaming client: connection failed: No connection could be made because the target machine actively refused it 
INFO:  streaming client: connection failed: No connection could be made because the target machine actively refused it 
INFO:  streaming client: connection failed: No connection could be made because the target machine actively refused it 
INFO:  streaming client: connection failed: INFO:  streaming client: connection failed: INFO:  streaming client: connection failed: No connection could be made because the target machine actively refused it No connection could be made because the target machine actively refused it 
No connection could be made because the target machine actively refused it 
INFO:  streaming client: connection failed: No connection could be made because the target machine actively refused it 
INFO:  streaming client: connection failed: No connection could be made because the target machine actively refused it 
INFO:  INFO:  streaming client: connection failed: No connection could be made because the target machine actively refused it 

INFO:  streaming client: connection failed: INFO:  streaming client: connection failed: No connection could be made because the target machine actively refused it 
streaming client: connection failed: No connection could be made because the target machine actively refused it 
INFO:  INFO: streaming client: connection failed: No connection could be made because the target machine actively refused it streaming client: connection failed: No connection could be made because the target machine actively refused it 
No connection could be made because the target machine actively refused itINFO:  streaming client: connection failed: No connection could be made because the target machine actively refused it 
INFO:  streaming client: connection failed:  
INFO:   
streaming client: connection failed: No connection could be made because the target machine actively refused itNo connection could be made because the target machine actively refused it 
INFO: INFO:  streaming client: connection failed: No connection could be made because the target machine actively refused it 
INFO:  streaming client: connection failed: INFO: No connection could be made because the target machine actively refused it 
INFO:  INFO: INFO: INFO:  streaming client: connection failed: No connection could be made because the target machine actively refused it INFO:  streaming client: connection failed: streaming client: connection failed: No connection could be made because the target machine actively refused it 
INFO: 
 INFO: streaming client: connection failed:  streaming client: connection failed: No connection could be made because the target machine actively refused it 
  INFO: streaming client: connection failed: No connection could be made because the target machine actively refused itINFO:   No connection could be made because the target machine actively refused it INFO:  streaming client: connection failed: No connection could be made because the target machine actively refused it INFO:  INFO: streaming client: connection failed:INFO:   
streaming client: connection failed: No connection could be made because the target machine actively refused it 

streaming client: connection failed: streaming client: connection failed: No connection could be made because the target machine actively refused it 
INFO:  streaming client: connection failed: No connection could be made because the target machine actively refused it 

INFO:  streaming client: connection failed: No connection could be made because the target machine actively refused itNo connection could be made because the target machine actively refused it 
INFO:  streaming client: connection failed: No connection could be made because the target machine actively refused it 
INFO:  streaming client: connection failed: No connection could be made because the target machine actively refused it 
INFO:   INFO: INFO:  streaming client: connection failed:INFO:  streaming client: connection failed: No connection could be made because the target machine actively refused it 
 streaming client: connection failed: No connection could be made because the target machine actively refused it 
 No connection could be made because the target machine actively refused it 
INFO:  streaming client: connection failed: No connection could be made because the target machine actively refused it 
streaming client: connection failed: streaming client: connection failed:No connection could be made because the target machine actively refused itINFO:  INFO:  streaming client: connection failed: No connection could be made because the target machine actively refused it 
streaming client: connection failed: No connection could be made because the target machine actively refused it streaming client: connection failed: No connection could be made because the target machine actively refused it 

 
 
INFO:  streaming client: connection failed: No connection could be made because the target machine actively refused it 
  INFO:  streaming client: connection failed: No connection could be made because the target machine actively refused it   No connection could be made because the target machine actively refused it 
No connection could be made because the target machine actively refused it INFO:  streaming client: connection failed: 
No connection could be made because the target machine actively refused it 
INFO: No connection could be made because the target machine actively refused itINFO:  streaming client: connection failed: No connection could be made because the target machine actively refused it 

streaming client: connection failed:INFO:   No connection could be made because the target machine actively refused it   
streaming client: connection failed: 
INFO:  streaming client: connection failed: No connection could be made because the target machine actively refused it INFO:  INFO: INFO: 

No connection could be made because the target machine actively refused it 
INFO: INFO:  INFO:  streaming client: connection failed: No connection could be made because the target machine actively refused it 
 INFO: INFO:  streaming client: connection failed: No connection could be made because the target machine actively refused it 
streaming client: connection failed: No connection could be made because the target machine actively refused it  INFO:  streaming client: connection failed: No connection could be made because the target machine actively refused it 
streaming client: connection failed: streaming client: connection failed: No connection could be made because the target machine actively refused it 
 streaming client: connection failed: No connection could be made because the target machine actively refused it 
streaming client: connection failed: No connection could be made because the target machine actively refused it 
No connection could be made because the target machine actively refused it 
INFO:  streaming client: connection failed: No connection could be made because the target machine actively refused it 
 
streaming client: connection failed: No connection could be made because the target machine actively refused it 
INFO:  INFO: streaming client: connection failed:INFO:  streaming client: connection failed: No connection could be made because the target machine actively refused it 
INFO:  streaming client: connection failed: No connection could be made because the target machine actively refused it 
INFO:  streaming client: connection failed: No connection could be made because the target machine actively refused it 
INFO:  streaming client: connection failed: No connection could be made because the target machine actively refused it 
INFO:  streaming client: connection failed: No connection could be made because the target machine actively refused it INFO:  streaming client: connection failed: No connection could be made because the target machine actively refused it 
INFO:  streaming client: connection failed: No connection could be made because the target machine actively refused it 
 
 INFO:  streaming client: connection failed: No connection could be made because the target machine actively refused it 
INFO:  streaming client: connection failed: No connection could be made because the target machine actively refused it 
INFO:  streaming client: connection failed: No connection could be made because the target machine actively refused it 
INFO: INFO:  streaming client: connection failed: No connection could be made because the target machine actively refused it 
streaming client: connection failed: No connection could be made because the target machine actively refused it 
INFO:  streaming client: connection failed: No connection could be made because the target machine actively refused it 
 streaming client: connection failed: No connection could be made because the target machine actively refused it 
INFO:  streaming client: connection failed: No connection could be made because the target machine actively refused it 
No connection could be made because the target machine actively refused it 
INFO: INFO:  streaming client: connection failed: No connection could be made because the target machine actively refused it 
 INFO: INFO:  streaming client: connection failed:   INFO: streaming client: connection failed: No connection could be made because the target machine actively refused it 
 streaming client: connection failed: No connection could be made because the target machine actively refused it 
No connection could be made because the target machine actively refused it 
streaming client: connection failed: No connection could be made because the target machine actively refused it 
INFO: INFO:  streaming client: connection failed: No connection could be made because the target machine actively refused it 
INFO:  streaming client: connection failed: No connection could be made because the target machine actively refused it 
INFO:  INFO:  streaming client: connection failed: No connection could be made because the target machine actively refused it 
INFO:  streaming client: connection failed: streaming client: connection failed: No connection could be made because the target machine actively refused it 
INFO:  streaming client: connection failed: No connection could be made because the target machine actively refused it INFO: 
No connection could be made because the target machine actively refused it 
INFO:  streaming client: connection failed: No connection could be made because the target machine actively refused it 
 INFO: INFO:  INFO:  streaming client: connection failed: streaming client: connection failed: No connection could be made because the target machine actively refused it 
streaming client: connection failed: No connection could be made because the target machine actively refused it INFO:  No connection could be made because the target machine actively refused it 
streaming client: connection failed: No connection could be made because the target machine actively refused itINFO:  streaming client: connection failed: No connection could be made because the target machine actively refused itINFO:  streaming client: connection failed: No connection could be made because the target machine actively refused it 
INFO:  
 streaming client: connection failed: 
No connection could be made because the target machine actively refused it 
INFO:  INFO: streaming client: connection failed: No connection could be made because the target machine actively refused it 
streaming client: connection failed: No connection could be made because the target machine actively refused it 
 streaming client: connection failed: No connection could be made because the target machine actively refused it 
INFO:  streaming client: connection failed: No connection could be made because the target machine actively refused it 

 streaming client: connection failed: No connection could be made because the target machine actively refused it 
INFO:  streaming client: connection failed: No connection could be made because the target machine actively refused it 
INFO: INFO:  streaming client: connection failed: No connection could be made because the target machine actively refused it 
 streaming client: connection failed: No connection could be made because the target machine actively refused it 
 streaming client: connection failed: No connection could be made because the target machine actively refused it 
 streaming client: connection failed: No connection could be made because the target machine actively refused it 
INFO:  streaming client: connection failed: No connection could be made because the target machine actively refused it 
INFO:  streaming client: connection failed: INFO:  streaming client: connection failed: No connection could be made because the target machine actively refused it 
No connection could be made because the target machine actively refused it 
INFO:  streaming client: connection failed: No connection could be made because the target machine actively refused it 
INFO:  streaming client: connection failed: No connection could be made because the target machine actively refused it 
INFO:  streaming client: connection failed: No connection could be made because the target machine actively refused it 
INFO:  streaming client: connection failed: No connection could be made because the target machine actively refused it 
INFO:  streaming client: connection failed: No connection could be made because the target machine actively refused it 
INFO:  streaming client: connection failed: No connection could be made because the target machine actively refused it 
INFO:  streaming client: connection failed: No connection could be made because the target machine actively refused it 
INFO:  streaming client: connection failed: No connection could be made because the target machine actively refused it 
INFO:  streaming client: connection failed: No connection could be made because the target machine actively refused it 
INFO:  streaming client: connection failed: No connection could be made because the target machine actively refused it 
INFO:  streaming client: connection failed: No connection could be made because the target machine actively refused it 
INFO:  streaming client: connection failed: No connection could be made because the target machine actively refused it 
INFO:  streaming client: connection failed: No connection could be made because the target machine actively refused it 
INFO:  streaming client: connection failed: No connection could be made because the target machine actively refused it 
INFO:  streaming client: connection failed: No connection could be made because the target machine actively refused it 
INFO:  INFO:  streaming client: connection failed: No connection could be made because the target machine actively refused it 
streaming client: connection failed: No connection could be made because the target machine actively refused it 
INFO:  streaming client: connection failed: No connection could be made because the target machine actively refused it 
INFO:  streaming client: connection failed: No connection could be made because the target machine actively refused it 
INFO:  streaming client: connection failed: No connection could be made because the target machine actively refused it 
INFO:  streaming client: connection failed: No connection could be made because the target machine actively refused it 
INFO:  INFO: streaming client: connection failed: No connection could be made because the target machine actively refused itINFO:  streaming client: connection failed: No connection could be made because the target machine actively refused it 
INFO:  streaming client: connection failed: No connection could be made because the target machine actively refused it 
INFO:  streaming client: connection failed: No connection could be made because the target machine actively refused it 
INFO:  streaming client: connection failed: INFO:  streaming client: connection failed:  INFO:  streaming client: connection failed: No connection could be made because the target machine actively refused it 
INFO:  streaming client: connection failed: INFO:  INFO: streaming client: connection failed:No connection could be made because the target machine actively refused it 
 No connection could be made because the target machine actively refused it 
INFO:  streaming client: connection failed: No connection could be made because the target machine actively refused it 
 streaming client: connection failed: No connection could be made because the target machine actively refused itNo connection could be made because the target machine actively refused it 
 
INFO:  streaming client: connection failed: No connection could be made because the target machine actively refused it 
INFO:  streaming client: connection failed: No connection could be made because the target machine actively refused it 
No connection could be made because the target machine actively refused it 
INFO:  streaming client: connection failed: No connection could be made because the target machine actively refused it 
INFO: INFO:  streaming client: connection failed: No connection could be made because the target machine actively refused it 
INFO:  streaming client: connection failed: No connection could be made because the target machine actively refused it 
INFO:  streaming client: connection failed: No connection could be made because the target machine actively refused it 
 streaming client: connection failed: No connection could be made because the target machine actively refused it INFO: INFO:  streaming client: connection failed: No connection could be made because the target machine actively refused it 
INFO:  streaming client: connection failed:INFO:  streaming client: connection failed: No connection could be made because the target machine actively refused it 
 
 streaming client: connection failed:INFO: INFO:  streaming client: connection failed: No connection could be made because the target machine actively refused it 
INFO: INFO: INFO:  streaming client: connection failed: No connection could be made because the target machine actively refused it 
  No connection could be made because the target machine actively refused it 
 streaming client: connection failed: INFO:  streaming client: connection failed: No connection could be made because the target machine actively refused it 
streaming client: connection failed: No connection could be made because the target machine actively refused it INFO:  streaming client: connection failed:INFO: 
 streaming client: connection failed: No connection could be made because the target machine actively refused it 

INFO:  streaming client: connection failed: No connection could be made because the target machine actively refused it 
  streaming client: connection failed: INFO: INFO: INFO:  streaming client: connection failed:INFO:  streaming client: connection failed:  INFO:  No connection could be made because the target machine actively refused itNo connection could be made because the target machine actively refused it No connection could be made because the target machine actively refused it 
INFO: INFO:  streaming client: connection failed: No connection could be made because the target machine actively refused it 
 
 streaming client: connection failed: No connection could be made because the target machine actively refused it  streaming client: connection failed: No connection could be made because the target machine actively refused it 
INFO:  streaming client: connection failed: No connection could be made because the target machine actively refused itINFO:  streaming client: connection failed: No connection could be made because the target machine actively refused it 
 
INFO:  streaming client: connection failed: No connection could be made because the target machine actively refused it 
INFO: INFO:  streaming client: connection failed: No connection could be made because the target machine actively refused it 
INFO:  streaming client: connection failed: No connection could be made because the target machine actively refused it 
INFO:  streaming client: connection failed: No connection could be made because the target machine actively refused it 
INFO:  streaming client: connection failed: No connection could be made because the target machine actively refused it 
INFO: INFO:  streaming client: connection failed: No connection could be made because the target machine actively refused it 
 streaming client: connection failed: No connection could be made because the target machine actively refused it 
INFO:  streaming client: connection failed: No connection could be made because the target machine actively refused it 
INFO:  streaming client: connection failed: No connection could be made because the target machine actively refused it 
 streaming client: connection failed: No connection could be made because the target machine actively refused it 
No connection could be made because the target machine actively refused itINFO:  streaming client: connection failed: No connection could be made because the target machine actively refused it 
INFO:  streaming client: connection failed: No connection could be made because the target machine actively refused it 
INFO:  streaming client: connection failed: No connection could be made because the target machine actively refused it 
INFO:  streaming client: connection failed: No connection could be made because the target machine actively refused it 
INFO:  streaming client: connection failed: No connection could be made because the target machine actively refused it 
INFO:  streaming client: connection failed: No connection could be made because the target machine actively refused it 
INFO:  streaming client: connection failed: No connection could be made because the target machine actively refused it 
INFO:  streaming client: connection failed: No connection could be made because the target machine actively refused it 
INFO:   INFO: 
streaming client: connection failed: No connection could be made because the target machine actively refused it 
 streaming client: connection failed: No connection could be made because the target machine actively refused it 
INFO:  streaming client: connection failed: No connection could be made because the target machine actively refused it 
No connection could be made because the target machine actively refused itINFO:  streaming client: connection failed: No connection could be made because the target machine actively refused it 
INFO:  streaming client: connection failed: No connection could be made because the target machine actively refused it 
INFO:  streaming client: connection failed: No connection could be made because the target machine actively refused it 
INFO:  streaming client: connection failed: No connection could be made because the target machine actively refused it 
INFO:  streaming client: connection failed: No connection could be made because the target machine actively refused it 
INFO:  streaming client: connection failed: No connection could be made because the target machine actively refused it 
INFO:  streaming client: connection failed: No connection could be made because the target machine actively refused it 
INFO:  streaming client: connection failed: No connection could be made because the target machine actively refused it 
INFO:  streaming client: connection failed: No connection could be made because the target machine actively refused it 
INFO:  streaming client: connection failed: No connection could be made because the target machine actively refused it 
 INFO:  INFO: INFO:  streaming client: connection failed: No connection could be made because the target machine actively refused it 
INFO:  streaming client: connection failed: No connection could be made because the target machine actively refused it 
 No connection could be made because the target machine actively refused it 
 streaming client: connection failed: No connection could be made because the target machine actively refused it 
streaming client: connection failed:
 No connection could be made because the target machine actively refused it 
streaming client: connection failed:INFO:  streaming client: connection failed: No connection could be made because the target machine actively refused it 
INFO:  No connection could be made because the target machine actively refused it 
INFO:  streaming client: connection failed: No connection could be made because the target machine actively refused it 

 streaming client: connection failed: No connection could be made because the target machine actively refused it 

streaming client: connection failed: No connection could be made because the target machine actively refused it 
INFO:  streaming client: connection failed: No connection could be made because the target machine actively refused it 
 streaming client: connection failed: No connection could be made because the target machine actively refused it 
INFO:  streaming client: connection failed: No connection could be made because the target machine actively refused it 
INFO:  streaming client: connection failed: No connection could be made because the target machine actively refused it 
INFO:  streaming client: connection failed: No connection could be made because the target machine actively refused it 
INFO:  streaming client: connection failed: No connection could be made because the target machine actively refused it 
INFO: INFO:  streaming client: connection failed: No connection could be made because the target machine actively refused it 
INFO:  streaming client: connection failed: No connection could be made because the target machine actively refused it 
 streaming client: connection failed: No connection could be made because the target machine actively refused it 
INFO:  INFO:  streaming client: connection failed: No connection could be made because the target machine actively refused it 
streaming client: connection failed: No connection could be made because the target machine actively refused it 
INFO:  streaming client: connection failed: No connection could be made because the target machine actively refused it 
INFO:  streaming client: connection failed: No connection could be made because the target machine actively refused it 
INFO:  INFO: streaming client: connection failed:  streaming client: connection failed: No connection could be made because the target machine actively refused itINFO:  INFO:  streaming client: connection failed: No connection could be made because the target machine actively refused it 
INFO:  streaming client: connection failed: No connection could be made because the target machine actively refused it 
streaming client: connection failed: No connection could be made because the target machine actively refused it 
INFO:  streaming client: connection failed: No connection could be made because the target machine actively refused it 
INFO:  streaming client: connection failed:INFO:  streaming client: connection failed: No connection could be made because the target machine actively refused it 
 
INFO:  streaming client: connection failed: No connection could be made because the target machine actively refused it 
INFO:  streaming client: connection failed: No connection could be made because the target machine actively refused itINFO:  
 No connection could be made because the target machine actively refused it INFO:  streaming client: connection failed: No connection could be made because the target machine actively refused it 
No connection could be made because the target machine actively refused it 
INFO:   streaming client: connection failed: INFO:  streaming client: connection failed: No connection could be made because the target machine actively refused itINFO:  streaming client: connection failed: No connection could be made because the target machine actively refused it 
INFO:  streaming client: connection failed: No connection could be made because the target machine actively refused it 
INFO:  
INFO:  streaming client: connection failed: No connection could be made because the target machine actively refused it 
 streaming client: connection failed: No connection could be made because the target machine actively refused it 
INFO:  streaming client: connection failed: No connection could be made because the target machine actively refused it 
INFO:  streaming client: connection failed: No connection could be made because the target machine actively refused it 
streaming client: connection failed:INFO:  streaming client: connection failed: No connection could be made because the target machine actively refused it 
INFO:  streaming client: connection failed: No connection could be made because the target machine actively refused itINFO:  streaming client: connection failed: No connection could be made because the target machine actively refused it 
INFO:   
streaming client: connection failed: No connection could be made because the target machine actively refused it 
INFO:  streaming client: connection failed: No connection could be made because the target machine actively refused it 
INFO:  streaming client: connection failed: No connection could be made because the target machine actively refused it 
INFO:  streaming client: connection failed: No connection could be made because the target machine actively refused it 
INFO:  streaming client: connection failed: No connection could be made because the target machine actively refused it 
INFO: INFO:  streaming client: connection failed: No connection could be made because the target machine actively refused it 
INFO:  streaming client: connection failed: No connection could be made because the target machine actively refused it 
 No connection could be made because the target machine actively refused it 
INFO:  streaming client: connection failed: No connection could be made because the target machine actively refused it 
INFO:  streaming client: connection failed: No connection could be made because the target machine actively refused it 
INFO:  streaming client: connection failed: No connection could be made because the target machine actively refused it streaming client: connection failed: No connection could be made because the target machine actively refused it 
INFO:  streaming client: connection failed: No connection could be made because the target machine actively refused it 
 
INFO:  streaming client: connection failed: No connection could be made because the target machine actively refused it INFO:  streaming client: connection failed: No connection could be made because the target machine actively refused it 
INFO:  streaming client: connection failed: No connection could be made because the target machine actively refused it INFO:  streaming client: connection failed: No connection could be made because the target machine actively refused it 
INFO: INFO:  INFO:  streaming client: connection failed: No connection could be made because the target machine actively refused it 

streaming client: connection failed: No connection could be made because the target machine actively refused it 
INFO:  streaming client: connection failed:INFO: INFO:  INFO:  streaming client: connection failed: No connection could be made because the target machine actively refused it 

INFO:  streaming client: connection failed:  streaming client: connection failed: No connection could be made because the target machine actively refused it 
INFO:  streaming client: connection failed: No connection could be made because the target machine actively refused it 
No connection could be made because the target machine actively refused it 
INFO:  streaming client: connection failed: No connection could be made because the target machine actively refused it 
INFO: streaming client: connection failed: No connection could be made because the target machine actively refused itINFO:  streaming client: connection failed: No connection could be made because the target machine actively refused it 
INFO:  streaming client: connection failed: No connection could be made because the target machine actively refused it  

INFO:  streaming client: connection failed: No connection could be made because the target machine actively refused it 
No connection could be made because the target machine actively refused itINFO:  streaming client: connection failed: No connection could be made because the target machine actively refused it 
INFO:  streaming client: connection failed: No connection could be made because the target machine actively refused it 
INFO:  streaming client: connection failed: No connection could be made because the target machine actively refused it 
INFO:  streaming client: connection failed: No connection could be made because the target machine actively refused it 
INFO:  streaming client: connection failed: No connection could be made because the target machine actively refused it 
INFO:  streaming client: connection failed: No connection could be made because the target machine actively refused it 

 INFO:  streaming client: connection failed: No connection could be made because the target machine actively refused it 
INFO:  streaming client: connection failed: No connection could be made because the target machine actively refused it 

INFO:  streaming client: connection failed: No connection could be made because the target machine actively refused it 
INFO:  streaming client: connection failed: No connection could be made because the target machine actively refused it 
 INFO:  streaming client: connection failed: No connection could be made because the target machine actively refused it 
INFO:  streaming client: connection failed: No connection could be made because the target machine actively refused it 
No connection could be made because the target machine actively refused it 
INFO:  streaming client: connection failed: No connection could be made because the target machine actively refused it 
INFO:  streaming client: connection failed: No connection could be made because the target machine actively refused it 
INFO:  streaming client: connection failed: No connection could be made because the target machine actively refused it 
INFO:  streaming client: connection failed: No connection could be made because the target machine actively refused it 
INFO:  streaming client: connection failed: No connection could be made because the target machine actively refused it 
INFO:  streaming client: connection failed: No connection could be made because the target machine actively refused it 
INFO: INFO:  streaming client: connection failed: No connection could be made because the target machine actively refused it 
INFO:  streaming client: connection failed: No connection could be made because the target machine actively refused it 
INFO:  streaming client: connection failed: No connection could be made because the target machine actively refused it 
INFO:  streaming client: connection failed: No connection could be made because the target machine actively refused it 
INFO:  streaming client: connection failed: No connection could be made because the target machine actively refused it 
 streaming client: connection failed: No connection could be made because the target machine actively refused it INFO:  streaming client: connection failed: No connection could be made because the target machine actively refused it 
INFO:  streaming client: connection failed: No connection could be made because the target machine actively refused it 
INFO:  streaming client: connection failed: No connection could be made because the target machine actively refused it 

 INFO:  streaming client: connection failed: No connection could be made because the target machine actively refused it 
INFO:  streaming client: connection failed: No connection could be made because the target machine actively refused it 
INFO: streaming client: connection failed: No connection could be made because the target machine actively refused it 
INFO:  streaming client: connection failed: No connection could be made because the target machine actively refused it 
INFO:  streaming client: connection failed: No connection could be made because the target machine actively refused it 
INFO:  streaming client: connection failed: No connection could be made because the target machine actively refused it 
INFO:  streaming client: connection failed:  No connection could be made because the target machine actively refused it 
INFO:  streaming client: connection failed: No connection could be made because the target machine actively refused it 
streaming client: connection failed: No connection could be made because the target machine actively refused it 
INFO:  streaming client: connection failed: No connection could be made because the target machine actively refused it 
 streaming client: connection failed: No connection could be made because the target machine actively refused it 
INFO:  streaming client: connection failed: No connection could be made because the target machine actively refused it 
INFO:  streaming client: connection failed: No connection could be made because the target machine actively refused it 
INFO:  streaming client: connection failed: No connection could be made because the target machine actively refused it 
INFO:  streaming client: connection failed: No connection could be made because the target machine actively refused it 
INFO:  streaming client: connection failed: No connection could be made because the target machine actively refused it 
INFO:  streaming client: connection failed: No connection could be made because the target machine actively refused it 
INFO:  streaming client: connection failed: No connection could be made because the target machine actively refused it 
INFO:  INFO:  streaming client: connection failed: streaming client: connection failed:No connection could be made because the target machine actively refused it 
 No connection could be made because the target machine actively refused it 
INFO:  streaming client: connection failed: No connection could be made because the target machine actively refused it 
INFO:  streaming client: connection failed: No connection could be made because the target machine actively refused it 
INFO:  streaming client: connection failed: No connection could be made because the target machine actively refused it 
INFO:  streaming client: connection failed: No connection could be made because the target machine actively refused it 
INFO:  streaming client: connection failed: No connection could be made because the target machine actively refused it 
INFO:  streaming client: connection failed: No connection could be made because the target machine actively refused it 
INFO:  streaming client: connection failed: No connection could be made because the target machine actively refused it 
INFO: INFO:  streaming client: connection failed: No connection could be made because the target machine actively refused it 
INFO:  streaming client: connection failed: No connection could be made because the target machine actively refused it 
 streaming client: connection failed: No connection could be made because the target machine actively refused it 
INFO:  streaming client: connection failed: No connection could be made because the target machine actively refused it 
INFO:  streaming client: connection failed: No connection could be made because the target machine actively refused it 
INFO:  streaming client: connection failed: No connection could be made because the target machine actively refused it 
INFO:  streaming client: connection failed: No connection could be made because the target machine actively refused it 
INFO:  streaming client: connection failed: No connection could be made because the target machine actively refused it 
INFO:  streaming client: connection failed: No connection could be made because the target machine actively refused it 
INFO:  streaming client: connection failed: INFO: INFO:  INFO:  INFO:  INFO:  streaming client: connection failed: No connection could be made because the target machine actively refused it 
INFO:  streaming client: connection failed: No connection could be made because the target machine actively refused it  
INFO:  streaming client: connection failed: No connection could be made because the target machine actively refused it 
streaming client: connection failed: No connection could be made because the target machine actively refused it 
INFO:  streaming client: connection failed: No connection could be made because the target machine actively refused it 
INFO: INFO:  streaming client: connection failed: No connection could be made because the target machine actively refused it 
 streaming client: connection failed: No connection could be made because the target machine actively refused it 
INFO:  streaming client: connection failed: No connection could be made because the target machine actively refused it 
INFO:  streaming client: connection failed: No connection could be made because the target machine actively refused it 
INFO: INFO:  streaming client: connection failed: No connection could be made because the target machine actively refused it 
INFO:  streaming client: connection failed: No connection could be made because the target machine actively refused it 
INFO:  streaming client: connection failed: No connection could be made because the target machine actively refused it 
INFO:  streaming client: connection failed: No connection could be made because the target machine actively refused it 
INFO:  streaming client: connection failed: No connection could be made because the target machine actively refused it 
INFO:  streaming client: connection failed: No connection could be made because the target machine actively refused it 
INFO:  streaming client: connection failed: No connection could be made because the target machine actively refused it 
 INFO:  streaming client: connection failed: No connection could be made because the target machine actively refused it 
streaming client: connection failed: No connection could be made because the target machine actively refused it 
INFO:  streaming client: connection failed: No connection could be made because the target machine actively refused it 
INFO:  streaming client: connection failed: No connection could be made because the target machine actively refused it 
INFO:  streaming client: connection failed: No connection could be made because the target machine actively refused it 
INFO:  streaming client: connection failed: No connection could be made because the target machine actively refused it 
INFO:  streaming client: connection failed: No connection could be made because the target machine actively refused it INFO:  streaming client: connection failed: No connection could be made because the target machine actively refused it 
INFO:  streaming client: connection failed: No connection could be made because the target machine actively refused it 

streaming client: connection failed:INFO:  streaming client: connection failed: No connection could be made because the target machine actively refused it 
INFO:  streaming client: connection failed: No connection could be made because the target machine actively refused it 
INFO:  streaming client: connection failed: No connection could be made because the target machine actively refused it 
INFO:  streaming client: connection failed: No connection could be made because the target machine actively refused it 
INFO:  streaming client: connection failed: No connection could be made because the target machine actively refused it 
INFO:  streaming client: connection failed: No connection could be made because the target machine actively refused it 
 No connection could be made because the target machine actively refused it 
INFO: INFO:  streaming client: connection failed: No connection could be made because the target machine actively refused it 
INFO:  streaming client: connection failed: No connection could be made because the target machine actively refused it 
INFO:  streaming client: connection failed: No connection could be made because the target machine actively refused it 
streaming client: connection failed:INFO:  streaming client: connection failed: No connection could be made because the target machine actively refused it 
 No connection could be made because the target machine actively refused it 
INFO: INFO:  streaming client: connection failed: No connection could be made because the target machine actively refused it 
INFO:  streaming client: connection failed: No connection could be made because the target machine actively refused it 
 streaming client: connection failed: No connection could be made because the target machine actively refused it 
INFO:  streaming client: connection failed: No connection could be made because the target machine actively refused it 
INFO: INFO:  streaming client: connection failed: No connection could be made because the target machine actively refused it 
INFO:  streaming client: connection failed: No connection could be made because the target machine actively refused it 
INFO:  streaming client: connection failed: No connection could be made because the target machine actively refused it 
INFO:  streaming client: connection failed: No connection could be made because the target machine actively refused it 
INFO:  streaming client: connection failed: No connection could be made because the target machine actively refused it 
 INFO:  streaming client: connection failed: No connection could be made because the target machine actively refused it 
streaming client: connection failed: No connection could be made because the target machine actively refused it 
INFO:  streaming client: connection failed: No connection could be made because the target machine actively refused it 
INFO:  streaming client: connection failed: No connection could be made because the target machine actively refused it 
INFO:  streaming client: connection failed: No connection could be made because the target machine actively refused it 
INFO:  streaming client: connection failed: No connection could be made because the target machine actively refused it 
INFO: INFO:  streaming client: connection failed: No connection could be made because the target machine actively refused it 
INFO:  streaming client: connection failed: No connection could be made because the target machine actively refused it 
INFO:  streaming client: connection failed: No connection could be made because the target machine actively refused it INFO:  
streaming client: connection failed: No connection could be made because the target machine actively refused it 
INFO:  INFO:  streaming client: connection failed: No connection could be made because the target machine actively refused it 
streaming client: connection failed: No connection could be made because the target machine actively refused it 
 streaming client: connection failed: No connection could be made because the target machine actively refused it 
INFO:  streaming client: connection failed: No connection could be made because the target machine actively refused it 
INFO: INFO:  streaming client: connection failed: No connection could be made because the target machine actively refused it 
INFO:  streaming client: connection failed: No connection could be made because the target machine actively refused it 
INFO:  streaming client: connection failed: No connection could be made because the target machine actively refused it 
INFO:  streaming client: connection failed: No connection could be made because the target machine actively refused it 
INFO:  streaming client: connection failed: No connection could be made because the target machine actively refused it 
INFO:  streaming client: connection failed: No connection could be made because the target machine actively refused it 
 streaming client: connection failed: INFO: INFO: No connection could be made because the target machine actively refused it  
streaming client: connection failed: No connection could be made because the target machine actively refused it 
No connection could be made because the target machine actively refused itINFO:  streaming client: connection failed: No connection could be made because the target machine actively refused it 
INFO:  
INFO:  streaming client: connection failed: No connection could be made because the target machine actively refused it 
 streaming client: connection failed: No connection could be made because the target machine actively refused it 
INFO:  streaming client: connection failed: No connection could be made because the target machine actively refused it 
 INFO:  streaming client: connection failed: No connection could be made because the target machine actively refused it 
INFO: streaming client: connection failed: No connection could be made because the target machine actively refused it 
 streaming client: connection failed: No connection could be made because the target machine actively refused it 
INFO:  streaming client: connection failed: No connection could be made because the target machine actively refused it 
streaming client: connection failed: No connection could be made because the target machine actively refused it 
INFO:  streaming client: connection failed: No connection could be made because the target machine actively refused it 
INFO: INFO:  streaming client: connection failed: No connection could be made because the target machine actively refused it 
 streaming client: connection failed: No connection could be made because the target machine actively refused it 
INFO:  streaming client: connection failed: No connection could be made because the target machine actively refused it 
INFO:  streaming client: connection failed: No connection could be made because the target machine actively refused it 
 streaming client: connection failed: No connection could be made because the target machine actively refused it 
INFO:  streaming client: connection failed: No connection could be made because the target machine actively refused it 
INFO:  streaming client: connection failed: No connection could be made because the target machine actively refused it 
INFO:  streaming client: connection failed: No connection could be made because the target machine actively refused it 
INFO:  streaming client: connection failed: No connection could be made because the target machine actively refused it 
INFO:  streaming client: connection failed: No connection could be made because the target machine actively refused it 
INFO:  streaming client: connection failed: No connection could be made because the target machine actively refused it 
INFO:  streaming client: connection failed: No connection could be made because the target machine actively refused it 
INFO:  streaming client: connection failed: No connection could be made because the target machine actively refused it 
INFO:  streaming client: connection failed: No connection could be made because the target machine actively refused it 
INFO:  streaming client: connection failed: No connection could be made because the target machine actively refused it 
INFO:  streaming client: connection failed: No connection could be made because the target machine actively refused it 
INFO:  streaming client: connection failed: No connection could be made because the target machine actively refused it 
INFO:  streaming client: connection failed: No connection could be made because the target machine actively refused it 
INFO: INFO:   streaming client: connection failed:INFO:   INFO:  INFO:  streaming client: connection failed: No connection could be made because the target machine actively refused it 
streaming client: connection failed: streaming client: connection failed:INFO:  streaming client: connection failed: No connection could be made because the target machine actively refused it 
No connection could be made because the target machine actively refused it 
No connection could be made because the target machine actively refused it 
INFO: INFO:  streaming client: connection failed: No connection could be made because the target machine actively refused it 
streaming client: connection failed: No connection could be made because the target machine actively refused it 
 INFO:  streaming client: connection failed: No connection could be made because the target machine actively refused it No connection could be made because the target machine actively refused it 

 INFO:  streaming client: connection failed: No connection could be made because the target machine actively refused it 
streaming client: connection failed: No connection could be made because the target machine actively refused it 
INFO:  streaming client: connection failed: No connection could be made because the target machine actively refused it 
INFO: INFO:  streaming client: connection failed: No connection could be made because the target machine actively refused it 
INFO:  streaming client: connection failed: No connection could be made because the target machine actively refused it 
INFO:  streaming client: connection failed: No connection could be made because the target machine actively refused it 
INFO:  streaming client: connection failed: No connection could be made because the target machine actively refused it 
INFO:  streaming client: connection failed: No connection could be made because the target machine actively refused it 
 INFO:  streaming client: connection failed: No connection could be made because the target machine actively refused it 
INFO: INFO:  streaming client: connection failed: No connection could be made because the target machine actively refused it 
streaming client: connection failed: No connection could be made because the target machine actively refused it 
 streaming client: connection failed: No connection could be made because the target machine actively refused it 
INFO: INFO:  streaming client: connection failed: No connection could be made because the target machine actively refused it 
 streaming client: connection failed: No connection could be made because the target machine actively refused it 
INFO:  streaming client: connection failed: No connection could be made because the target machine actively refused it 
INFO:  streaming client: connection failed: No connection could be made because the target machine actively refused it 
INFO: INFO:  streaming client: connection failed: No connection could be made because the target machine actively refused it 
 streaming client: connection failed: No connection could be made because the target machine actively refused it 
INFO:  streaming client: connection failed: No connection could be made because the target machine actively refused it 
INFO:  streaming client: connection failed: No connection could be made because the target machine actively refused it 
INFO:  streaming client: connection failed: No connection could be made because the target machine actively refused it 
INFO: INFO:  streaming client: connection failed: No connection could be made because the target machine actively refused it 
 streaming client: connection failed: No connection could be made because the target machine actively refused it 
INFO:  streaming client: connection failed: No connection could be made because the target machine actively refused it 
INFO:  streaming client: connection failed:INFO:  streaming client: connection failed:  No connection could be made because the target machine actively refused it 
INFO:  No connection could be made because the target machine actively refused it 
INFO:  streaming client: connection failed: No connection could be made because the target machine actively refused it 
streaming client: connection failed: No connection could be made because the target machine actively refused it 
INFO:  streaming client: connection failed: No connection could be made because the target machine actively refused it 
INFO:  streaming client: connection failed: No connection could be made because the target machine actively refused it 
INFO:  streaming client: connection failed: No connection could be made because the target machine actively refused it 
INFO:  INFO:  streaming client: connection failed: No connection could be made because the target machine actively refused it 
streaming client: connection failed:INFO:  streaming client: connection failed: No connection could be made because the target machine actively refused it 
INFO:  streaming client: connection failed: No connection could be made because the target machine actively refused it 
INFO:  streaming client: connection failed: No connection could be made because the target machine actively refused it 
INFO:  streaming client: connection failed: No connection could be made because the target machine actively refused it 
INFO:  streaming client: connection failed: No connection could be made because the target machine actively refused it 
INFO:  streaming client: connection failed: No connection could be made because the target machine actively refused it 
 No connection could be made because the target machine actively refused it 
INFO:  streaming client: connection failed: No connection could be made because the target machine actively refused it 
INFO:  streaming client: connection failed: No connection could be made because the target machine actively refused it 
INFO: INFO:  streaming client: connection failed: No connection could be made because the target machine actively refused it 
INFO: INFO:  streaming client: connection failed:INFO:  streaming client: connection failed: No connection could be made because the target machine actively refused it 
INFO:  No connection could be made because the target machine actively refused it INFO:  
streaming client: connection failed: No connection could be made because the target machine actively refused it 
INFO: INFO:  streaming client: connection failed: No connection could be made because the target machine actively refused it 
 streaming client: connection failed: No connection could be made because the target machine actively refused it 
INFO:  streaming client: connection failed: No connection could be made because the target machine actively refused it 
INFO:  streaming client: connection failed: No connection could be made because the target machine actively refused it 
INFO:  streaming client: connection failed: No connection could be made because the target machine actively refused it 
INFO:  streaming client: connection failed: No connection could be made because the target machine actively refused it 
INFO:  streaming client: connection failed: No connection could be made because the target machine actively refused it 
 INFO:  streaming client: connection failed:INFO:  streaming client: connection failed: No connection could be made because the target machine actively refused it 
INFO:  streaming client: connection failed: No connection could be made because the target machine actively refused it 
INFO:  streaming client: connection failed: No connection could be made because the target machine actively refused itINFO:  INFO:  streaming client: connection failed: No connection could be made because the target machine actively refused it 
INFO:  streaming client: connection failed: No connection could be made because the target machine actively refused it 
INFO:  No connection could be made because the target machine actively refused it 
streaming client: connection failed: No connection could be made because the target machine actively refused itINFO:  streaming client: connection failed: No connection could be made because the target machine actively refused it 
streaming client: connection failed: No connection could be made because the target machine actively refused it 
INFO:  streaming client: connection failed: No connection could be made because the target machine actively refused it 
INFO:  streaming client: connection failed: No connection could be made because the target machine actively refused it 
 
INFO:  streaming client: connection failed: No connection could be made because the target machine actively refused it 
INFO:  INFO:  streaming client: connection failed: No connection could be made because the target machine actively refused it 
INFO:  streaming client: connection failed: No connection could be made because the target machine actively refused it 
INFO:  streaming client: connection failed:INFO:  streaming client: connection failed: No connection could be made because the target machine actively refused it 
 No connection could be made because the target machine actively refused it 
INFO:  streaming client: connection failed: No connection could be made because the target machine actively refused it 
streaming client: connection failed:INFO:  streaming client: connection failed: No connection could be made because the target machine actively refused it 
INFO:  streaming client: connection failed: No connection could be made because the target machine actively refused it 
  No connection could be made because the target machine actively refused it 
streaming client: connection failed: No connection could be made because the target machine actively refused it 
INFO: INFO:  streaming client: connection failed: No connection could be made because the target machine actively refused it 
INFO:  streaming client: connection failed: No connection could be made because the target machine actively refused it 
 streaming client: connection failed: No connection could be made because the target machine actively refused it 
INFO:   streaming client: connection failed: No connection could be made because the target machine actively refused it 
streaming client: connection failed: No connection could be made because the target machine actively refused it 
INFO:  streaming client: connection failed: No connection could be made because the target machine actively refused it 
INFO: INFO:  streaming client: connection failed: No connection could be made because the target machine actively refused it 
 streaming client: connection failed: No connection could be made because the target machine actively refused it 
INFO:  streaming client: connection failed: No connection could be made because the target machine actively refused it 
 streaming client: connection failed: No connection could be made because the target machine actively refused it 
INFO:  streaming client: connection failed: No connection could be made because the target machine actively refused it 
INFO: INFO:  streaming client: connection failed: No connection could be made because the target machine actively refused it 
 
 streaming client: connection failed: No connection could be made because the target machine actively refused it 
INFO:  streaming client: connection failed: No connection could be made because the target machine actively refused it 
INFO:  streaming client: connection failed: No connection could be made because the target machine actively refused it 
INFO:  streaming client: connection failed: No connection could be made because the target machine actively refused itINFO:  streaming client: connection failed: No connection could be made because the target machine actively refused it 
INFO:  streaming client: connection failed: No connection could be made because the target machine actively refused it 
 
INFO:  streaming client: connection failed: No connection could be made because the target machine actively refused it 
INFO:  streaming client: connection failed: INFO:  streaming client: connection failed:INFO:  streaming client: connection failed: INFO: No connection could be made because the target machine actively refused itINFO:  INFO:  INFO: streaming client: connection failed: No connection could be made because the target machine actively refused it 
INFO:   streaming client: connection failed:streaming client: connection failed: No connection could be made because the target machine actively refused it 

 No connection could be made because the target machine actively refused it 
 No connection could be made because the target machine actively refused it 
INFO:  streaming client: connection failed: No connection could be made because the target machine actively refused it  streaming client: connection failed: No connection could be made because the target machine actively refused it 

No connection could be made because the target machine actively refused it 
INFO:  streaming client: connection failed: No connection could be made because the target machine actively refused itINFO:   
streaming client: connection failed: No connection could be made because the target machine actively refused it 
INFO:  streaming client: connection failed: No connection could be made because the target machine actively refused it 
 INFO:  streaming client: connection failed: No connection could be made because the target machine actively refused it 
INFO:  streaming client: connection failed: No connection could be made because the target machine actively refused it 
INFO:  streaming client: connection failed: No connection could be made because the target machine actively refused it 
INFO: INFO:  streaming client: connection failed: No connection could be made because the target machine actively refused it 
 streaming client: connection failed: No connection could be made because the target machine actively refused itINFO:  streaming client: connection failed: No connection could be made because the target machine actively refused it 
 
INFO:  streaming client: connection failed: No connection could be made because the target machine actively refused it 
INFO:  streaming client: connection failed: No connection could be made because the target machine actively refused it 
INFO:  streaming client: connection failed: No connection could be made because the target machine actively refused itINFO:  
 INFO:  streaming client: connection failed: No connection could be made because the target machine actively refused it 
INFO:  streaming client: connection failed: No connection could be made because the target machine actively refused it 
streaming client: connection failed: No connection could be made because the target machine actively refused it 
INFO:  streaming client: connection failed: No connection could be made because the target machine actively refused it 
INFO:  streaming client: connection failed: No connection could be made because the target machine actively refused it 
INFO:  streaming client: connection failed: No connection could be made because the target machine actively refused itINFO:  streaming client: connection failed: No connection could be made because the target machine actively refused it 
INFO:  streaming client: connection failed: No connection could be made because the target machine actively refused it 
 
INFO:  streaming client: connection failed: No connection could be made because the target machine actively refused it 
INFO:  streaming client: connection failed:INFO:  streaming client: connection failed: No connection could be made because the target machine actively refused it 
 No connection could be made because the target machine actively refused it 
INFO:  streaming client: connection failed: No connection could be made because the target machine actively refused it 
INFO: INFO:  streaming client: connection failed: No connection could be made because the target machine actively refused it 
INFO:  streaming client: connection failed: No connection could be made because the target machine actively refused it 
INFO:  streaming client: connection failed: No connection could be made because the target machine actively refused it 
INFO:  streaming client: connection failed: No connection could be made because the target machine actively refused it 
 streaming client: connection failed: No connection could be made because the target machine actively refused it 
INFO: streaming client: connection failed: No connection could be made because the target machine actively refused it 
 streaming client: connection failed: No connection could be made because the target machine actively refused it 
INFO: INFO:  streaming client: connection failed: No connection could be made because the target machine actively refused it 
 streaming client: connection failed: No connection could be made because the target machine actively refused it 
INFO:  streaming client: connection failed: No connection could be made because the target machine actively refused it 
INFO:  streaming client: connection failed: No connection could be made because the target machine actively refused itINFO:  streaming client: connection failed: No connection could be made because the target machine actively refused it 
INFO: INFO:  streaming client: connection failed: No connection could be made because the target machine actively refused it 
INFO:  streaming client: connection failed: No connection could be made because the target machine actively refused it 
INFO:  streaming client: connection failed: INFO: INFO:  streaming client: connection failed: No connection could be made because the target machine actively refused it 
No connection could be made because the target machine actively refused itINFO:  streaming client: connection failed: No connection could be made because the target machine actively refused it INFO:  streaming client: connection failed:INFO:  
INFO:  INFO:  streaming client: connection failed: No connection could be made because the target machine actively refused it 
 
streaming client: connection failed: streaming client: connection failed:No connection could be made because the target machine actively refused it INFO: INFO:    INFO:  streaming client: connection failed: streaming client: connection failed: No connection could be made because the target machine actively refused it 
INFO: No connection could be made because the target machine actively refused it 
 No connection could be made because the target machine actively refused itNo connection could be made because the target machine actively refused it 
 streaming client: connection failed: No connection could be made because the target machine actively refused itINFO: INFO: streaming client: connection failed: No connection could be made because the target machine actively refused it 
INFO:  streaming client: connection failed: No connection could be made because the target machine actively refused it 
 streaming client: connection failed: No connection could be made because the target machine actively refused it  streaming client: connection failed: No connection could be made because the target machine actively refused it 

 INFO:  streaming client: connection failed:streaming client: connection failed:  No connection could be made because the target machine actively refused it 
 
INFO:  streaming client: connection failed: No connection could be made because the target machine actively refused it 
No connection could be made because the target machine actively refused it INFO: INFO:  streaming client: connection failed:   INFO:  streaming client: connection failed:streaming client: connection failed: No connection could be made because the target machine actively refused it 
No connection could be made because the target machine actively refused it 
INFO:  streaming client: connection failed: No connection could be made because the target machine actively refused it 
INFO:   streaming client: connection failed:INFO:  
INFO:  streaming client: connection failed: No connection could be made because the target machine actively refused it 

INFO:   No connection could be made because the target machine actively refused it  No connection could be made because the target machine actively refused it 
INFO: INFO:  streaming client: connection failed: No connection could be made because the target machine actively refused it 

INFO: streaming client: connection failed: streaming client: connection failed:   INFO: No connection could be made because the target machine actively refused itINFO:   INFO:  streaming client: connection failed: No connection could be made because the target machine actively refused it 

 INFO: streaming client: connection failed:
  INFO: No connection could be made because the target machine actively refused it 
streaming client: connection failed:  INFO: No connection could be made because the target machine actively refused itstreaming client: connection failed:  streaming client: connection failed: No connection could be made because the target machine actively refused it 
streaming client: connection failed:INFO: INFO:  streaming client: connection failed: No connection could be made because the target machine actively refused itNo connection could be made because the target machine actively refused it 
INFO:   streaming client: connection failed: No connection could be made because the target machine actively refused it 
streaming client: connection failed: No connection could be made because the target machine actively refused it 
 No connection could be made because the target machine actively refused it 
INFO:  No connection could be made because the target machine actively refused it 

 streaming client: connection failed: No connection could be made because the target machine actively refused it 
streaming client: connection failed:INFO:  streaming client: connection failed: No connection could be made because the target machine actively refused it 
INFO:  streaming client: connection failed: No connection could be made because the target machine actively refused it 

INFO: INFO:  streaming client: connection failed: No connection could be made because the target machine actively refused it 
INFO:  No connection could be made because the target machine actively refused it 
INFO:    INFO: streaming client: connection failed:  No connection could be made because the target machine actively refused it 
INFO: INFO: streaming client: connection failed:INFO: 
 streaming client: connection failed: No connection could be made because the target machine actively refused it 
streaming client: connection failed:INFO:  No connection could be made because the target machine actively refused it 
INFO:  streaming client: connection failed: No connection could be made because the target machine actively refused it 
INFO:  No connection could be made because the target machine actively refused it 
 streaming client: connection failed: No connection could be made because the target machine actively refused it 
INFO:    streaming client: connection failed:streaming client: connection failed: No connection could be made because the target machine actively refused it 
 No connection could be made because the target machine actively refused itstreaming client: connection failed: No connection could be made because the target machine actively refused it 
 
 streaming client: connection failed: No connection could be made because the target machine actively refused it 
 INFO:   streaming client: connection failed: streaming client: connection failed: No connection could be made because the target machine actively refused it 
streaming client: connection failed: streaming client: connection failed: No connection could be made because the target machine actively refused it 
No connection could be made because the target machine actively refused it 
No connection could be made because the target machine actively refused it 
INFO:  streaming client: connection failed: INFO:  No connection could be made because the target machine actively refused it 
streaming client: connection failed: No connection could be made because the target machine actively refused it 
INFO:  INFO:  streaming client: connection failed: INFO: INFO:  streaming client: connection failed: No connection could be made because the target machine actively refused it streaming client: connection failed: No connection could be made because the target machine actively refused it 
INFO:  INFO:  No connection could be made because the target machine actively refused it INFO:  streaming client: connection failed: No connection could be made because the target machine actively refused it 
streaming client: connection failed:streaming client: connection failed: No connection could be made because the target machine actively refused it 

streaming client: connection failed: No connection could be made because the target machine actively refused it 
INFO: INFO:  INFO:  streaming client: connection failed: No connection could be made because the target machine actively refused it 
INFO:  streaming client: connection failed: No connection could be made because the target machine actively refused it 
INFO: streaming client: connection failed: No connection could be made because the target machine actively refused itINFO:  streaming client: connection failed: No connection could be made because the target machine actively refused it 
INFO:  streaming client: connection failed: No connection could be made because the target machine actively refused it 
INFO:  streaming client: connection failed: No connection could be made because the target machine actively refused it 
INFO:  streaming client: connection failed: No connection could be made because the target machine actively refused it 
INFO: INFO:  streaming client: connection failed: No connection could be made because the target machine actively refused it 
INFO:  streaming client: connection failed: No connection could be made because the target machine actively refused it 
INFO:  streaming client: connection failed: No connection could be made because the target machine actively refused it 
INFO: INFO:   INFO:  streaming client: connection failed: No connection could be made because the target machine actively refused it streaming client: connection failed:INFO:  streaming client: connection failed: No connection could be made because the target machine actively refused it 
 No connection could be made because the target machine actively refused it 

streaming client: connection failed: No connection could be made because the target machine actively refused it 
INFO:  streaming client: connection failed:INFO:  INFO:  streaming client: connection failed: No connection could be made because the target machine actively refused it 
 streaming client: connection failed: No connection could be made because the target machine actively refused it 
INFO: INFO:  streaming client: connection failed: No connection could be made because the target machine actively refused it 
No connection could be made because the target machine actively refused it 
 streaming client: connection failed: No connection could be made because the target machine actively refused it 
INFO: INFO:    
streaming client: connection failed: No connection could be made because the target machine actively refused it 
INFO: INFO: streaming client: connection failed: No connection could be made because the target machine actively refused it 
 INFO: INFO: INFO:  streaming client: connection failed: No connection could be made because the target machine actively refused it 
 streaming client: connection failed: No connection could be made because the target machine actively refused it 
 
streaming client: connection failed:  INFO:  INFO:  streaming client: connection failed: No connection could be made because the target machine actively refused it No connection could be made because the target machine actively refused it 

streaming client: connection failed: INFO:  streaming client: connection failed: No connection could be made because the target machine actively refused it 
No connection could be made because the target machine actively refused it 
streaming client: connection failed:INFO:  streaming client: connection failed: No connection could be made because the target machine actively refused it 
 No connection could be made because the target machine actively refused it 
 streaming client: connection failed: No connection could be made because the target machine actively refused it 
INFO:  streaming client: connection failed: No connection could be made because the target machine actively refused it 
 INFO: INFO:  streaming client: connection failed: No connection could be made because the target machine actively refused it 
No connection could be made because the target machine actively refused it 
 streaming client: connection failed: No connection could be made because the target machine actively refused it 
 streaming client: connection failed: No connection could be made because the target machine actively refused it 
 streaming client: connection failed: No connection could be made because the target machine actively refused it 
 streaming client: connection failed: No connection could be made because the target machine actively refused it 
INFO:  streaming client: connection failed: No connection could be made because the target machine actively refused it 
INFO:  streaming client: connection failed: No connection could be made because the target machine actively refused it 
INFO:  streaming client: connection failed: No connection could be made because the target machine actively refused it 
INFO:  streaming client: connection failed: No connection could be made because the target machine actively refused it 
INFO:  streaming client: connection failed: No connection could be made because the target machine actively refused it 
INFO:  streaming client: connection failed: No connection could be made because the target machine actively refused it 
INFO:  streaming client: connection failed: No connection could be made because the target machine actively refused it 
INFO:  streaming client: connection failed: No connection could be made because the target machine actively refused it 
INFO:  streaming client: connection failed: No connection could be made because the target machine actively refused it 
INFO:  INFO: streaming client: connection failed:INFO:  streaming client: connection failed: No connection could be made because the target machine actively refused it 
INFO:  streaming client: connection failed: No connection could be made because the target machine actively refused it 
 INFO:  streaming client: connection failed: No connection could be made because the target machine actively refused it 
 streaming client: connection failed: No connection could be made because the target machine actively refused it 
No connection could be made because the target machine actively refused it 
INFO:  INFO:  streaming client: connection failed: No connection could be made because the target machine actively refused it 
INFO:  streaming client: connection failed: No connection could be made because the target machine actively refused itINFO:  streaming client: connection failed: No connection could be made because the target machine actively refused it 
INFO:   
streaming client: connection failed: No connection could be made because the target machine actively refused it 
streaming client: connection failed: No connection could be made because the target machine actively refused it 
INFO:  streaming client: connection failed: No connection could be made because the target machine actively refused it 
INFO:  streaming client: connection failed: No connection could be made because the target machine actively refused it 
INFO:  streaming client: connection failed: No connection could be made because the target machine actively refused it 
INFO:  INFO: INFO:  streaming client: connection failed: No connection could be made because the target machine actively refused itINFO:  INFO:  streaming client: connection failed: 
 No connection could be made because the target machine actively refused it 
streaming client: connection failed: No connection could be made because the target machine actively refused it 
INFO:  INFO:  INFO:  INFO:  streaming client: connection failed: INFO: No connection could be made because the target machine actively refused it 
INFO: INFO: streaming client: connection failed: streaming client: connection failed: streaming client: connection failed: No connection could be made because the target machine actively refused it 
INFO: INFO:  streaming client: connection failed: No connection could be made because the target machine actively refused it 
 No connection could be made because the target machine actively refused it 
streaming client: connection failed:INFO:  streaming client: connection failed: No connection could be made because the target machine actively refused it 
INFO:  streaming client: connection failed: No connection could be made because the target machine actively refused it 
 No connection could be made because the target machine actively refused it 
 No connection could be made because the target machine actively refused it  streaming client: connection failed: No connection could be made because the target machine actively refused it 
INFO: INFO: INFO:  streaming client: connection failed: No connection could be made because the target machine actively refused it 
streaming client: connection failed:INFO:  streaming client: connection failed: No connection could be made because the target machine actively refused it 
 No connection could be made because the target machine actively refused it 
INFO:  streaming client: connection failed: No connection could be made because the target machine actively refused it 

INFO:  streaming client: connection failed: No connection could be made because the target machine actively refused it 
INFO:  streaming client: connection failed: No connection could be made because the target machine actively refused it 
INFO:  streaming client: connection failed: No connection could be made because the target machine actively refused it 
INFO:  streaming client: connection failed: No connection could be made because the target machine actively refused it 
INFO:  streaming client: connection failed: No connection could be made because the target machine actively refused it 
INFO:  streaming client: connection failed:INFO:  streaming client: connection failed: No connection could be made because the target machine actively refused it 
INFO:  streaming client: connection failed: No connection could be made because the target machine actively refused it 
INFO:  INFO:  streaming client: connection failed: No connection could be made because the target machine actively refused it INFO:  streaming client: connection failed: No connection could be made because the target machine actively refused it 
streaming client: connection failed: No connection could be made because the target machine actively refused it 
 No connection could be made because the target machine actively refused it 

INFO:  streaming client: connection failed: No connection could be made because the target machine actively refused it 
 streaming client: connection failed: No connection could be made because the target machine actively refused it 
INFO:  streaming client: connection failed: No connection could be made because the target machine actively refused it 
streaming client: connection failed:INFO:  No connection could be made because the target machine actively refused it 
INFO:  streaming client: connection failed: No connection could be made because the target machine actively refused it 
  streaming client: connection failed: No connection could be made because the target machine actively refused it 
 streaming client: connection failed: No connection could be made because the target machine actively refused it 
 INFO:  streaming client: connection failed: No connection could be made because the target machine actively refused it 
streaming client: connection failed: No connection could be made because the target machine actively refused it 
streaming client: connection failed: No connection could be made because the target machine actively refused it 
INFO:  streaming client: connection failed: No connection could be made because the target machine actively refused it 
INFO:  streaming client: connection failed: No connection could be made because the target machine actively refused it 
INFO:  streaming client: connection failed: No connection could be made because the target machine actively refused it 
INFO:  streaming client: connection failed: No connection could be made because the target machine actively refused it 
INFO:  streaming client: connection failed: No connection could be made because the target machine actively refused it 
INFO:  INFO:  streaming client: connection failed: No connection could be made because the target machine actively refused it 
INFO:  streaming client: connection failed: No connection could be made because the target machine actively refused it 
streaming client: connection failed: INFO:  streaming client: connection failed: No connection could be made because the target machine actively refused it 
No connection could be made because the target machine actively refused itINFO:  INFO: INFO:   streaming client: connection failed:INFO:  streaming client: connection failed: INFO:   No connection could be made because the target machine actively refused it 
streaming client: connection failed: No connection could be made because the target machine actively refused it 
INFO:  streaming client: connection failed: No connection could be made because the target machine actively refused it 
INFO:  
streaming client: connection failed: No connection could be made because the target machine actively refused it 
INFO:  No connection could be made because the target machine actively refused it 
INFO:  streaming client: connection failed:INFO:  INFO: No connection could be made because the target machine actively refused it 
INFO:   streaming client: connection failed: No connection could be made because the target machine actively refused it  streaming client: connection failed: 
INFO: INFO:  streaming client: connection failed: No connection could be made because the target machine actively refused it 
INFO: No connection could be made because the target machine actively refused itstreaming client: connection failed: No connection could be made because the target machine actively refused itINFO:  streaming client: connection failed: No connection could be made because the target machine actively refused it 
 streaming client: connection failed: No connection could be made because the target machine actively refused it  
INFO:  streaming client: connection failed: No connection could be made because the target machine actively refused it 
streaming client: connection failed:INFO:  streaming client: connection failed: No connection could be made because the target machine actively refused it 
 No connection could be made because the target machine actively refused it 
INFO:  INFO:  INFO:  
INFO: INFO:  INFO: streaming client: connection failed:  streaming client: connection failed: No connection could be made because the target machine actively refused it 
streaming client: connection failed: No connection could be made because the target machine actively refused it 
 streaming client: connection failed: No connection could be made because the target machine actively refused it 

streaming client: connection failed: No connection could be made because the target machine actively refused it 
streaming client: connection failed: No connection could be made because the target machine actively refused it INFO:  streaming client: connection failed: No connection could be made because the target machine actively refused it 
INFO:  streaming client: connection failed: No connection could be made because the target machine actively refused it 
INFO:  streaming client: connection failed: No connection could be made because the target machine actively refused it 
 No connection could be made because the target machine actively refused itINFO:  INFO:  INFO: INFO:  
streaming client: connection failed: No connection could be made because the target machine actively refused it 
 streaming client: connection failed: No connection could be made because the target machine actively refused it 
INFO:  streaming client: connection failed: streaming client: connection failed: No connection could be made because the target machine actively refused it 
INFO:  streaming client: connection failed: No connection could be made because the target machine actively refused it 
 
 No connection could be made because the target machine actively refused it 
 INFO: INFO:  streaming client: connection failed: INFO: streaming client: connection failed:INFO: streaming client: connection failed: No connection could be made because the target machine actively refused it 
INFO:  INFO: No connection could be made because the target machine actively refused it 
INFO:   streaming client: connection failed: No connection could be made because the target machine actively refused it 
streaming client: connection failed: No connection could be made because the target machine actively refused it 
 streaming client: connection failed: No connection could be made because the target machine actively refused it streaming client: connection failed: No connection could be made because the target machine actively refused it 
 
INFO: INFO:  streaming client: connection failed: No connection could be made because the target machine actively refused it 
INFO:  streaming client: connection failed: No connection could be made because the target machine actively refused it 
INFO:  streaming client: connection failed: No connection could be made because the target machine actively refused it 
INFO:  INFO:  streaming client: connection failed: No connection could be made because the target machine actively refused it 
streaming client: connection failed: No connection could be made because the target machine actively refused it 
 streaming client: connection failed: No connection could be made because the target machine actively refused it 
INFO:  streaming client: connection failed: No connection could be made because the target machine actively refused it 
 INFO:  streaming client: connection failed: No connection could be made because the target machine actively refused it 
INFO:  streaming client: connection failed: No connection could be made because the target machine actively refused it 
INFO:  streaming client: connection failed: No connection could be made because the target machine actively refused it 
INFO:  streaming client: connection failed: No connection could be made because the target machine actively refused it 
INFO:  streaming client: connection failed: No connection could be made because the target machine actively refused it 
INFO:  streaming client: connection failed: No connection could be made because the target machine actively refused it 
streaming client: connection failed: No connection could be made because the target machine actively refused it 
INFO:  streaming client: connection failed: No connection could be made because the target machine actively refused it 
INFO:  streaming client: connection failed: No connection could be made because the target machine actively refused it 
INFO:  streaming client: connection failed: No connection could be made because the target machine actively refused it 
INFO:  streaming client: connection failed: No connection could be made because the target machine actively refused it 
INFO:  streaming client: connection failed: No connection could be made because the target machine actively refused it 
INFO:  streaming client: connection failed: No connection could be made because the target machine actively refused it 
INFO:  streaming client: connection failed: No connection could be made because the target machine actively refused it 
INFO: INFO:  streaming client: connection failed: No connection could be made because the target machine actively refused itINFO:  
 streaming client: connection failed: No connection could be made because the target machine actively refused it 
INFO:  streaming client: connection failed: No connection could be made because the target machine actively refused it 
INFO:  streaming client: connection failed: No connection could be made because the target machine actively refused it 
INFO:  streaming client: connection failed: No connection could be made because the target machine actively refused it 
INFO:  streaming client: connection failed: No connection could be made because the target machine actively refused it 
 streaming client: connection failed: No connection could be made because the target machine actively refused it INFO:  streaming client: connection failed: No connection could be made because the target machine actively refused it 
INFO:  streaming client: connection failed: No connection could be made because the target machine actively refused it 

INFO:  streaming client: connection failed: No connection could be made because the target machine actively refused it 
INFO:  streaming client: connection failed: INFO:  streaming client: connection failed: No connection could be made because the target machine actively refused it 
No connection could be made because the target machine actively refused it 
INFO:  streaming client: connection failed: No connection could be made because the target machine actively refused it 
streaming client: connection failed:INFO:  streaming client: connection failed: No connection could be made because the target machine actively refused it 
 No connection could be made because the target machine actively refused it 
INFO:  streaming client: connection failed: No connection could be made because the target machine actively refused it 
 INFO:  streaming client: connection failed: No connection could be made because the target machine actively refused it 
INFO:  streaming client: connection failed: No connection could be made because the target machine actively refused it 
INFO:  streaming client: connection failed: No connection could be made because the target machine actively refused it 
INFO:  streaming client: connection failed: No connection could be made because the target machine actively refused it 
INFO:  streaming client: connection failed: No connection could be made because the target machine actively refused it 
INFO: No connection could be made because the target machine actively refused it 
INFO:  streaming client: connection failed: No connection could be made because the target machine actively refused it 
 streaming client: connection failed: No connection could be made because the target machine actively refused it 
INFO:  streaming client: connection failed: No connection could be made because the target machine actively refused itINFO:  streaming client: connection failed: No connection could be made because the target machine actively refused it 
 
streaming client: connection failed:INFO:  No connection could be made because the target machine actively refused it 
 streaming client: connection failed: No connection could be made because the target machine actively refused it 
INFO: INFO:  streaming client: connection failed: No connection could be made because the target machine actively refused it 
 streaming client: connection failed: No connection could be made because the target machine actively refused it 
INFO:  streaming client: connection failed: No connection could be made because the target machine actively refused it 
INFO:  streaming client: connection failed: No connection could be made because the target machine actively refused it 
INFO:  streaming client: connection failed: No connection could be made because the target machine actively refused it 
INFO:  streaming client: connection failed: No connection could be made because the target machine actively refused it 
INFO:  streaming client: connection failed: No connection could be made because the target machine actively refused it 
INFO:  streaming client: connection failed: No connection could be made because the target machine actively refused it 
INFO:  streaming client: connection failed: No connection could be made because the target machine actively refused it 
INFO:  streaming client: connection failed: No connection could be made because the target machine actively refused it 
INFO:  streaming client: connection failed: No connection could be made because the target machine actively refused it 
INFO:  streaming client: connection failed: No connection could be made because the target machine actively refused it 
streaming client: connection failed: No connection could be made because the target machine actively refused it 
INFO:  streaming client: connection failed: INFO:  streaming client: connection failed: No connection could be made because the target machine actively refused it 
INFO:  streaming client: connection failed: No connection could be made because the target machine actively refused it 
INFO:  streaming client: connection failed: No connection could be made because the target machine actively refused it 
INFO:  streaming client: connection failed: No connection could be made because the target machine actively refused it 
INFO:  streaming client: connection failed: No connection could be made because the target machine actively refused itNo connection could be made because the target machine actively refused itINFO:  streaming client: connection failed: No connection could be made because the target machine actively refused it 
INFO:  streaming client: connection failed: No connection could be made because the target machine actively refused it 
 
INFO:   INFO:  INFO:  streaming client: connection failed: No connection could be made because the target machine actively refused itstreaming client: connection failed:  
No connection could be made because the target machine actively refused itINFO: INFO:  
 streaming client: connection failed: No connection could be made because the target machine actively refused it streaming client: connection failed: No connection could be made because the target machine actively refused it 
 

INFO:  streaming client: connection failed: No connection could be made because the target machine actively refused it 
streaming client: connection failed: No connection could be made because the target machine actively refused it 
INFO: INFO:  streaming client: connection failed:INFO:  streaming client: connection failed: No connection could be made because the target machine actively refused it 
INFO:  streaming client: connection failed: No connection could be made because the target machine actively refused it 
 No connection could be made because the target machine actively refused it 
INFO:  streaming client: connection failed: No connection could be made because the target machine actively refused it 
INFO: INFO:  streaming client: connection failed: No connection could be made because the target machine actively refused it 
 streaming client: connection failed: No connection could be made because the target machine actively refused it 
 streaming client: connection failed:INFO:  streaming client: connection failed: No connection could be made because the target machine actively refused it 
 No connection could be made because the target machine actively refused it 
INFO:  INFO:  streaming client: connection failed: No connection could be made because the target machine actively refused it 
streaming client: connection failed: No connection could be made because the target machine actively refused it 
INFO:  INFO:  streaming client: connection failed: No connection could be made because the target machine actively refused it 
INFO:  streaming client: connection failed: No connection could be made because the target machine actively refused it 
streaming client: connection failed:INFO:  streaming client: connection failed: No connection could be made because the target machine actively refused it 
INFO: INFO: INFO:   streaming client: connection failed: No connection could be made because the target machine actively refused it 
INFO:  streaming client: connection failed: No connection could be made because the target machine actively refused it 
INFO: INFO:   streaming client: connection failed: No connection could be made because the target machine actively refused it 
INFO:  streaming client: connection failed: No connection could be made because the target machine actively refused it 
INFO: streaming client: connection failed: No connection could be made because the target machine actively refused it 
streaming client: connection failed: No connection could be made because the target machine actively refused it 
INFO:  streaming client: connection failed: No connection could be made because the target machine actively refused it 
INFO:  streaming client: connection failed: No connection could be made because the target machine actively refused it 
 streaming client: connection failed: No connection could be made because the target machine actively refused it 
INFO:  streaming client: connection failed: INFO: No connection could be made because the target machine actively refused it INFO:  streaming client: connection failed: No connection could be made because the target machine actively refused it 
 streaming client: connection failed: No connection could be made because the target machine actively refused it 
INFO:  streaming client: connection failed: No connection could be made because the target machine actively refused itINFO:  streaming client: connection failed:  INFO:  streaming client: connection failed: No connection could be made because the target machine actively refused itNo connection could be made because the target machine actively refused it 
INFO: INFO:  
streaming client: connection failed: No connection could be made because the target machine actively refused itINFO:  
INFO:  streaming client: connection failed: No connection could be made because the target machine actively refused it 
 streaming client: connection failed: No connection could be made because the target machine actively refused it 
 streaming client: connection failed: No connection could be made because the target machine actively refused it 
 streaming client: connection failed:INFO: INFO: INFO:  streaming client: connection failed: No connection could be made because the target machine actively refused it 
 No connection could be made because the target machine actively refused it 
INFO: INFO:  streaming client: connection failed: No connection could be made because the target machine actively refused it 
 streaming client: connection failed: No connection could be made because the target machine actively refused it
 streaming client: connection failed: INFO:  streaming client: connection failed: No connection could be made because the target machine actively refused it 
 
INFO:  streaming client: connection failed: No connection could be made because the target machine actively refused it 
INFO:   streaming client: connection failed: No connection could be made because the target machine actively refused it 
INFO:  INFO: INFO:  streaming client: connection failed: No connection could be made because the target machine actively refused it 
streaming client: connection failed: No connection could be made because the target machine actively refused it 
No connection could be made because the target machine actively refused itstreaming client: connection failed: INFO: No connection could be made because the target machine actively refused it 
INFO:  streaming client: connection failed:  INFO:  streaming client: connection failed: No connection could be made because the target machine actively refused it 
INFO:  streaming client: connection failed: No connection could be made because the target machine actively refused it INFO:  INFO:  streaming client: connection failed: 
 streaming client: connection failed: No connection could be made because the target machine actively refused it INFO: 
INFO:  streaming client: connection failed: No connection could be made because the target machine actively refused it 
No connection could be made because the target machine actively refused it 
 streaming client: connection failed: No connection could be made because the target machine actively refused it 
INFO: No connection could be made because the target machine actively refused it 
 streaming client: connection failed: No connection could be made because the target machine actively refused it 
No connection could be made because the target machine actively refused it 
 
streaming client: connection failed: No connection could be made because the target machine actively refused it 
 INFO:  streaming client: connection failed: INFO:  streaming client: connection failed: INFO:  streaming client: connection failed: No connection could be made because the target machine actively refused it 
INFO: No connection could be made because the target machine actively refused itINFO: INFO:  INFO: 
 INFO:  streaming client: connection failed: No connection could be made because the target machine actively refused it 

 streaming client: connection failed:  streaming client: connection failed: No connection could be made because the target machine actively refused it INFO:  streaming client: connection failed: No connection could be made because the target machine actively refused it 
INFO:  streaming client: connection failed: No connection could be made because the target machine actively refused it INFO:  streaming client: connection failed: No connection could be made because the target machine actively refused it 
No connection could be made because the target machine actively refused it 
INFO:  streaming client: connection failed: No connection could be made because the target machine actively refused it 
INFO:  streaming client: connection failed: No connection could be made because the target machine actively refused it 
INFO:  streaming client: connection failed: No connection could be made because the target machine actively refused it 
 INFO:  streaming client: connection failed: No connection could be made because the target machine actively refused it 
INFO:  streaming client: connection failed: No connection could be made because the target machine actively refused it 
INFO:  streaming client: connection failed: No connection could be made because the target machine actively refused it 
INFO:  streaming client: connection failed: No connection could be made because the target machine actively refused it 
INFO:  streaming client: connection failed: No connection could be made because the target machine actively refused it 
INFO:  streaming client: connection failed: No connection could be made because the target machine actively refused it 
INFO:  streaming client: connection failed: No connection could be made because the target machine actively refused it 
INFO:  streaming client: connection failed: No connection could be made because the target machine actively refused it 
INFO:  streaming client: connection failed: No connection could be made because the target machine actively refused itINFO:  streaming client: connection failed: No connection could be made because the target machine actively refused it 
 
streaming client: connection failed: No connection could be made because the target machine actively refused it 
INFO:  streaming client: connection failed: No connection could be made because the target machine actively refused it 
INFO:  streaming client: connection failed: No connection could be made because the target machine actively refused it 
No connection could be made because the target machine actively refused itINFO:  streaming client: connection failed: No connection could be made because the target machine actively refused it 
INFO:  streaming client: connection failed: No connection could be made because the target machine actively refused it 
 

INFO:  streaming client: connection failed: No connection could be made because the target machine actively refused it 

INFO:  streaming client: connection failed: No connection could be made because the target machine actively refused it 
INFO:  streaming client: connection failed: No connection could be made because the target machine actively refused it 
 streaming client: connection failed: INFO: No connection could be made because the target machine actively refused it 
 streaming client: connection failed: No connection could be made because the target machine actively refused it 
INFO:  streaming client: connection failed: No connection could be made because the target machine actively refused it 
INFO: INFO:  streaming client: connection failed: No connection could be made because the target machine actively refused it 
INFO:  streaming client: connection failed: No connection could be made because the target machine actively refused it 
 streaming client: connection failed: No connection could be made because the target machine actively refused it 
streaming client: connection failed: No connection could be made because the target machine actively refused it 
INFO:  streaming client: connection failed: No connection could be made because the target machine actively refused it 
INFO:  INFO:  streaming client: connection failed: INFO: INFO:  streaming client: connection failed: No connection could be made because the target machine actively refused it 
streaming client: connection failed: No connection could be made because the target machine actively refused it INFO: 
 INFO:  INFO:  No connection could be made because the target machine actively refused it 
streaming client: connection failed: No connection could be made because the target machine actively refused it 
INFO: INFO:  streaming client: connection failed: No connection could be made because the target machine actively refused it 
 streaming client: connection failed: No connection could be made because the target machine actively refused it 
streaming client: connection failed:INFO:  streaming client: connection failed: No connection could be made because the target machine actively refused it 
INFO:  streaming client: connection failed: No connection could be made because the target machine actively refused it 
INFO:  streaming client: connection failed: No connection could be made because the target machine actively refused it 
INFO:  streaming client: connection failed: No connection could be made because the target machine actively refused it 
 No connection could be made because the target machine actively refused it 
INFO: INFO:  streaming client: connection failed: No connection could be made because the target machine actively refused it 
INFO:  streaming client: connection failed: No connection could be made because the target machine actively refused it 
INFO:  streaming client: connection failed: No connection could be made because the target machine actively refused it 
 streaming client: connection failed: No connection could be made because the target machine actively refused it 
INFO:  streaming client: connection failed: No connection could be made because the target machine actively refused it 
INFO: INFO:  streaming client: connection failed: No connection could be made because the target machine actively refused it 
INFO:  streaming client: connection failed: No connection could be made because the target machine actively refused it 
INFO:  streaming client: connection failed: No connection could be made because the target machine actively refused it 
INFO:  streaming client: connection failed: No connection could be made because the target machine actively refused it 
INFO:  streaming client: connection failed: No connection could be made because the target machine actively refused it 
INFO:  streaming client: connection failed: No connection could be made because the target machine actively refused it 
INFO:  streaming client: connection failed: No connection could be made because the target machine actively refused it 
INFO:  streaming client: connection failed: No connection could be made because the target machine actively refused it streaming client: connection failed:  No connection could be made because the target machine actively refused it
INFO:  streaming client: connection failed: No connection could be made because the target machine actively refused it 
 
INFO: streaming client: connection failed: streaming client: connection failed: No connection could be made because the target machine actively refused it 
INFO:  streaming client: connection failed:INFO:  streaming client: connection failed: No connection could be made because the target machine actively refused it 
INFO:  streaming client: connection failed: No connection could be made because the target machine actively refused it 
INFO:  streaming client: connection failed: No connection could be made because the target machine actively refused it 
 No connection could be made because the target machine actively refused it 
INFO:  streaming client: connection failed: No connection could be made because the target machine actively refused it 
INFO: INFO:  streaming client: connection failed: No connection could be made because the target machine actively refused it 
INFO:  streaming client: connection failed: No connection could be made because the target machine actively refused it 
 streaming client: connection failed: No connection could be made because the target machine actively refused it 
 No connection could be made because the target machine actively refused itINFO:  streaming client: connection failed: No connection could be made because the target machine actively refused it 
INFO:  streaming client: connection failed: No connection could be made because the target machine actively refused it 
INFO: INFO:  streaming client: connection failed: No connection could be made because the target machine actively refused it 
 streaming client: connection failed: No connection could be made because the target machine actively refused it 
INFO:  streaming client: connection failed: No connection could be made because the target machine actively refused it 
INFO: INFO:  streaming client: connection failed: No connection could be made because the target machine actively refused it 
INFO:  streaming client: connection failed: No connection could be made because the target machine actively refused it 
 INFO:  streaming client: connection failed: No connection could be made because the target machine actively refused it 
streaming client: connection failed: No connection could be made because the target machine actively refused it 
INFO:  streaming client: connection failed: No connection could be made because the target machine actively refused it 
INFO:  streaming client: connection failed: INFO: INFO:  streaming client: connection failed: No connection could be made because the target machine actively refused it 
No connection could be made because the target machine actively refused it 
INFO:  streaming client: connection failed: No connection could be made because the target machine actively refused it 
INFO:  streaming client: connection failed: No connection could be made because the target machine actively refused it 
INFO:  streaming client: connection failed: No connection could be made because the target machine actively refused it 
 streaming client: connection failed: No connection could be made because the target machine actively refused it 
INFO:  streaming client: connection failed: No connection could be made because the target machine actively refused it 
INFO: INFO:  streaming client: connection failed: No connection could be made because the target machine actively refused it 
INFO:  streaming client: connection failed: No connection could be made because the target machine actively refused it 
INFO:  streaming client: connection failed: No connection could be made because the target machine actively refused it 
INFO:  streaming client: connection failed: No connection could be made because the target machine actively refused it 
INFO:  streaming client: connection failed: No connection could be made because the target machine actively refused it 
INFO:  streaming client: connection failed: No connection could be made because the target machine actively refused it 
 streaming client: connection failed: No connection could be made because the target machine actively refused it 
INFO:  streaming client: connection failed: No connection could be made because the target machine actively refused it 
 INFO:  streaming client: connection failed: No connection could be made because the target machine actively refused it 
INFO:  streaming client: connection failed: No connection could be made because the target machine actively refused it 
INFO:  streaming client: connection failed: No connection could be made because the target machine actively refused it 
streaming client: connection failed: No connection could be made because the target machine actively refused itINFO:  streaming client: connection failed: No connection could be made because the target machine actively refused it 
INFO:  streaming client: connection failed: No connection could be made because the target machine actively refused it 
INFO:  streaming client: connection failed: No connection could be made because the target machine actively refused it 
 
INFO: INFO:  streaming client: connection failed: No connection could be made because the target machine actively refused it 
INFO:  streaming client: connection failed: No connection could be made because the target machine actively refused it 
INFO:  streaming client: connection failed: No connection could be made because the target machine actively refused it 
INFO:  streaming client: connection failed: No connection could be made because the target machine actively refused it 
 streaming client: connection failed: No connection could be made because the target machine actively refused it INFO:  streaming client: connection failed: No connection could be made because the target machine actively refused it 
INFO: 
INFO:  streaming client: connection failed: No connection could be made because the target machine actively refused it 
INFO:  streaming client: connection failed: No connection could be made because the target machine actively refused it 
INFO:  streaming client: connection failed: No connection could be made because the target machine actively refused it 
INFO: INFO:  streaming client: connection failed: No connection could be made because the target machine actively refused it 
INFO: INFO:  streaming client: connection failed: No connection could be made because the target machine actively refused it 
 streaming client: connection failed:  streaming client: connection failed:No connection could be made because the target machine actively refused it 
 INFO: INFO:  streaming client: connection failed: No connection could be made because the target machine actively refused it 
No connection could be made because the target machine actively refused it 
INFO:  streaming client: connection failed: No connection could be made because the target machine actively refused it 
 streaming client: connection failed: No connection could be made because the target machine actively refused it 
INFO: INFO:  streaming client: connection failed: No connection could be made because the target machine actively refused it 
INFO:  streaming client: connection failed: No connection could be made because the target machine actively refused it 
INFO: INFO:  streaming client: connection failed: No connection could be made because the target machine actively refused it 
INFO:  streaming client: connection failed: No connection could be made because the target machine actively refused it 
 streaming client: connection failed: No connection could be made because the target machine actively refused it 
INFO:  streaming client: connection failed: No connection could be made because the target machine actively refused it 
INFO: INFO:  streaming client: connection failed: No connection could be made because the target machine actively refused it 
INFO:  streaming client: connection failed: No connection could be made because the target machine actively refused it 
INFO:  INFO:  streaming client: connection failed: No connection could be made because the target machine actively refused it 
 streaming client: connection failed: No connection could be made because the target machine actively refused it 
INFO:  streaming client: connection failed: No connection could be made because the target machine actively refused it 
 streaming client: connection failed: No connection could be made because the target machine actively refused it 
streaming client: connection failed: No connection could be made because the target machine actively refused it 
 streaming client: connection failed: No connection could be made because the target machine actively refused it 
INFO: INFO:   INFO: streaming client: connection failed: 
INFO:  streaming client: connection failed: No connection could be made because the target machine actively refused it 
INFO:  streaming client: connection failed: No connection could be made because the target machine actively refused it 
 No connection could be made because the target machine actively refused it 
 streaming client: connection failed: No connection could be made because the target machine actively refused it 
streaming client: connection failed: No connection could be made because the target machine actively refused it 
INFO:  streaming client: connection failed: No connection could be made because the target machine actively refused it 
INFO:  streaming client: connection failed: No connection could be made because the target machine actively refused it 
INFO:  streaming client: connection failed: An operation on a socket co